{
    "vertices":[1,0.770683,-1,1,0.770683,1,-1,0.770683,1,-1,0.770683,-1,1,2.77068,-1,0.999999,2.77068,1,-1,2.77068,1,-1,2.77068,-1,1,0.770683,-1,1,0.770683,1,-1,0.770683,-1,1,2.77068,-1,-1,0.770683,1,0.999999,2.77068,1,-1,2.77068,1,-1,2.77068,-1,8,0.770683,-0.999998,8,0.770683,1,8,2.77068,-0.999998,8,2.77068,1,8,0.770683,-0.999998,8,0.770683,1,8,2.77068,-0.999998,8,2.77068,1,0.999998,0.770682,8,-1,0.770682,8,0.999997,2.77068,8,-1,2.77068,8,8,0.770685,1,8,2.77068,1,8,0.770685,8,8,2.77068,8,1,0.770684,-8,1,2.77068,-8,8,0.770684,-8,8,2.77068,-8,1,0.770683,-1,-1,0.770683,-1,1,2.77068,-1,-1,2.77068,-1,1,0.770684,-8,-0.999998,0.770684,-8,1,2.77068,-8,-0.999998,2.77068,-8,-8,0.770682,-1,-8,2.77068,-1,-8,0.770683,-8,-8,2.77068,-8,-8,0.770682,0.999998,-8,2.77068,0.999997,-8,0.770682,8,-8,2.77068,8,-8,0.770682,0.999998,-8,0.770682,-1,-8,2.77068,0.999998,-8,2.77068,-1,1,7.89151,-1,0.999999,7.89151,1,-1,7.89151,-1,-1,7.89151,0.999999,1,8.66095,-1,0.999999,8.66095,1,-1,8.66095,-1,-1,8.66095,0.999999,-7,7.89151,0.999998,-7,7.89151,-1,-7,8.66095,0.999998,-7,8.66095,-1],
    "faces":[35,0,3,2,1,0,0,1,2,3,35,4,5,6,7,0,4,5,6,7,35,0,1,5,4,0,0,3,5,4,35,1,2,6,5,0,3,2,6,5,35,2,3,7,6,0,2,1,7,6,35,3,0,4,7,0,1,0,4,7,35,8,9,12,10,0,8,9,9,10,35,14,13,57,59,1,11,12,13,14,35,11,13,19,18,2,15,12,16,17,35,12,9,24,25,0,9,9,18,18,35,10,12,52,53,0,10,9,4,5,35,8,10,37,36,0,8,10,19,20,35,19,17,21,23,0,16,21,22,22,35,13,9,17,19,0,12,9,21,16,35,16,8,32,34,0,23,8,5,6,35,9,8,16,17,0,9,8,23,21,35,20,22,23,21,0,22,22,22,22,35,17,16,20,21,0,21,23,22,22,35,18,19,23,22,0,17,16,22,22,35,16,18,22,20,0,23,17,22,22,35,24,26,27,25,0,18,24,24,18,35,13,14,27,26,2,12,11,24,24,35,27,14,49,51,3,24,11,3,0,35,24,9,28,30,0,18,9,6,7,35,28,29,31,30,0,6,2,1,7,35,9,13,29,28,0,9,12,2,6,35,13,26,31,29,3,12,24,1,2,35,26,24,30,31,0,24,18,7,1,35,32,33,35,34,0,5,3,2,6,35,11,18,35,33,3,15,17,2,3,35,8,11,33,32,0,8,15,3,5,35,18,16,34,35,0,17,23,6,2,35,37,39,45,44,0,19,25,0,4,35,11,8,36,38,0,15,8,20,26,35,15,11,38,39,0,27,15,26,25,35,10,15,39,37,0,10,27,25,19,35,42,40,41,43,0,2,6,28,29,35,36,37,41,40,0,20,19,28,6,35,39,38,42,43,2,25,26,2,29,35,38,36,40,42,0,26,20,6,2,35,44,45,47,46,0,4,0,3,5,35,41,37,44,46,0,28,19,4,5,35,39,43,47,45,3,25,29,3,0,35,43,41,46,47,0,29,28,5,3,35,49,48,50,51,0,3,5,4,0,35,25,27,51,50,0,18,24,0,4,35,14,12,48,49,0,11,9,5,3,35,12,25,50,48,0,9,18,4,5,35,52,54,55,53,0,4,0,3,5,35,12,14,54,52,0,9,11,0,4,35,14,15,55,54,2,11,27,3,0,35,15,10,53,55,0,27,10,5,3,35,56,58,62,60,0,30,31,29,2,35,13,11,56,57,3,12,15,30,13,35,15,14,59,58,1,27,11,14,31,35,11,15,58,56,1,15,27,31,30,35,60,62,63,61,3,2,29,24,1,35,59,57,61,63,0,14,13,1,24,35,57,56,60,61,0,13,30,2,1,35,58,59,64,65,0,31,14,4,5,35,65,64,66,67,0,5,4,0,3,35,62,58,65,67,0,29,31,5,3,35,59,63,66,64,0,14,24,0,4,35,63,62,67,66,3,24,29,3,0],
    "normals":[-0.577349,0.577349,0.577349,0.577349,0.577349,0.577349,0.577349,0.577349,-0.577349,-0.577349,0.577349,-0.577349,-0.577349,-0.577349,0.577349,-0.577349,-0.577349,-0.577349,0.577349,-0.577349,-0.577349,0.577349,-0.577349,0.577349,-0.267251,-0.801782,0.534501,0,-1,0,0,-0.894406,0.447188,-0.301492,0.904508,0.301492,0.301492,0.904508,0.301492,0.707083,0,0.707083,-0.301492,-0.301492,0.904508,0,0.894406,0.447188,0,0.316202,0.948668,0.333323,0.666646,0.666646,0,-0.707083,0.707083,0,-0.554674,0.832026,0.408246,-0.408246,0.816492,0,-0.316202,0.948668,0.447188,0,0.894406,0.333323,-0.666646,0.666646,0,0.707083,0.707083,0,0.554674,0.832026,0.408246,0.408246,0.816492,-0.707083,0.707083,0,0,-0.707083,-0.707083,0,0.707083,-0.707083,0.707083,0,-0.707083,-0.301492,-0.301492,-0.904508],
    "uvs":[],
    "metadata":{
        "generator":"io_three",
        "uvs":0,
        "vertices":68,
        "version":3,
        "faces":64,
        "normals":32,
        "type":"Geometry",
        "materials":4
    },
    "materials":[{
        "specularCoef":50,
        "DbgName":"Material",
        "colorEmissive":[0,0,0],
        "opacity":1,
        "blending":"NormalBlending",
        "transparent":false,
        "colorSpecular":[0.5,0.5,0.5],
        "depthWrite":true,
        "DbgColor":15658734,
        "wireframe":false,
        "colorDiffuse":[0.64,0.64,0.64],
        "shading":"phong",
        "visible":true,
        "depthTest":true,
        "DbgIndex":0
    },{
        "specularCoef":50,
        "DbgName":"Material.003",
        "colorEmissive":[0,0,0],
        "opacity":1,
        "blending":"NormalBlending",
        "transparent":false,
        "colorSpecular":[0.5,0.5,0.5],
        "depthWrite":true,
        "DbgColor":238,
        "wireframe":false,
        "colorDiffuse":[0,0.589996,0.64],
        "shading":"phong",
        "visible":true,
        "depthTest":true,
        "DbgIndex":3
    },{
        "specularCoef":50,
        "DbgName":"Material.002",
        "colorEmissive":[0,0,0],
        "opacity":1,
        "blending":"NormalBlending",
        "transparent":false,
        "colorSpecular":[0.5,0.5,0.5],
        "depthWrite":true,
        "DbgColor":60928,
        "wireframe":false,
        "colorDiffuse":[0.001068,0.002075,0.64],
        "shading":"phong",
        "visible":true,
        "depthTest":true,
        "DbgIndex":2
    },{
        "specularCoef":50,
        "DbgName":"Material.001",
        "colorEmissive":[0,0,0],
        "opacity":1,
        "blending":"NormalBlending",
        "transparent":false,
        "colorSpecular":[0.5,0.5,0.5],
        "depthWrite":true,
        "DbgColor":15597568,
        "wireframe":false,
        "colorDiffuse":[0.64,0.004377,0.019527],
        "shading":"phong",
        "visible":true,
        "depthTest":true,
        "DbgIndex":1
    }],
    "name":"CubeGeometry.1"
}